xSource ; ySource ; angle ; xTarget ; yTarget ; xi ; yi ; poids ; sens
0.0;0.0;0.0;0.0;-0.0;0.0;0.0;0.0;true
48.6875;2.51246;-3.9489195;48.68727;2.5121307;25.44502;24.164516;77.01234;true
48.6909;2.32307;-0.9688005;48.69125;2.3234637;39.015697;28.886984;65.16584;true
48.8885;2.3929;-2.5582726;48.888535;2.3928297;3.8167531;5.1412277;66.55983;true
48.6432;2.54368;-4.3284845;48.643135;2.5436623;7.209422;1.2959788;80.28391;true
48.8856;2.40001;-3.6772828;48.885487;2.3997393;12.72251;19.799234;64.19553;true
48.8857;2.34769;-4.0855045;48.88557;2.3475292;14.418844;11.764485;91.914154;true
48.8946;2.47935;-3.126586;48.8946;2.4789813;0.0;26.957659;77.12483;true
48.8689;2.30896;-0.7020499;48.868946;2.3090377;5.0890045;5.6837187;57.522522;true
48.8335;2.34168;-3.9037395;48.83344;2.341597;6.7853394;6.0715747;63.68609;true
48.9281;2.41527;-4.264983;48.92771;2.4149911;43.256535;20.374477;62.964508;true
48.8521;2.33953;-3.6389396;48.852005;2.3392882;10.602093;17.684742;59.07317;true
48.7712;2.4442;-2.7944894;48.771233;2.443978;3.8167531;16.2634;66.53671;true
48.8681;2.32189;-0.08148884;48.868095;2.32193;0.4240837;2.911645;89.083206;true
48.8427;2.23166;-3.8385756;48.842537;2.2313628;18.235598;21.735035;71.6796;true
48.7996;2.45686;-0.33992037;48.799644;2.4570386;5.0890045;13.076683;102.87202;true
48.7984;2.34445;-2.3175664;48.79844;2.3443778;4.2408366;5.2901597;78.323425;true
48.8455;2.33017;-0.5803399;48.845543;2.3303056;4.664921;9.924994;74.25488;true
48.8448;2.3402;-2.4058185;48.844917;2.3399622;13.146594;17.390789;83.47832;true
48.8763;2.3482;-4.5143685;48.87617;2.3481529;14.418844;3.4515643;76.14345;true
48.715;2.25451;-0.43220875;48.715115;2.254923;12.72251;30.307194;68.32732;true
48.8519;2.38335;-2.7109153;48.85192;2.3832235;2.5445023;9.243542;87.43227;true
48.852;2.39402;-1.6241773;48.85213;2.3940094;14.418844;0.7848275;79.354126;true
48.7136;2.28014;-4.9155827;48.713284;2.280236;35.198944;7.047974;98.51465;true
48.8509;2.36919;-3.7978997;48.85084;2.3690841;6.361255;7.743801;86.68071;true
48.888;2.32503;-1.3510267;48.888134;2.3250647;14.842929;2.5270693;88.83517;true
48.8864;2.27883;-3.2842345;48.886387;2.2787867;1.2722511;3.172009;75.65799;true
48.8862;2.28586;-5.178691;48.886074;2.2859492;13.994762;6.5183315;100.14306;true
48.8865;2.30853;-0.42127463;48.886536;2.308633;3.8167531;7.5291495;73.45724;true
48.8954;2.22438;-3.29079;48.89538;2.2241497;2.5445023;16.833017;64.39858;true
48.8767;2.40387;-3.1827037;48.876686;2.4034977;1.6963348;27.228788;82.6636;true
48.8768;2.30293;-4.312482;48.876633;2.3028188;18.659683;8.140729;99.11645;true
48.8769;2.28672;-3.556956;48.876827;2.2865052;8.0575905;15.706173;98.74035;true
48.8401;2.10967;-0.3237453;48.84016;2.109989;6.7853394;23.341082;69.87905;true
48.8517;2.34273;-2.827749;48.851746;2.3424904;5.0890045;17.52792;91.08405;true
48.9287;2.34094;-5.0001707;48.928364;2.3410914;37.319366;11.057811;75.58006;true
48.9284;2.48237;-1.8529665;48.92853;2.4823012;14.842929;5.0152264;40.792057;true
48.8738;2.31422;-0.027532455;48.873775;2.3144305;2.5445023;15.393351;54.64045;true
48.8738;2.32522;-3.7848885;48.873753;2.3251488;5.0890045;5.2124715;103.03182;true
48.9729;2.27125;-3.0606833;48.972916;2.2710345;1.6963348;15.728206;82.95519;true
48.9734;2.48871;-2.877802;48.973434;2.4885032;3.8167531;15.08431;58.22439;true
48.8682;2.34074;-1.1745386;48.868244;2.3407714;5.0890045;2.3014154;87.71965;true
48.8418;2.34843;-5.9721127;48.841732;2.3486922;7.6335063;19.18858;72.75489;true
48.842;2.32575;-3.319516;48.84199;2.325705;0.8481674;3.2969337;81.31186;true
48.7217;2.26175;-1.6758068;48.72196;2.261698;28.837688;3.8119378;62.335518;true
48.7009;2.29523;-2.3546262;48.70096;2.2950833;6.361255;10.758307;68.72366;true
48.707;2.59376;-1.6727257;48.707222;2.5937152;24.596853;3.2883198;47.743782;true
48.7081;2.31107;-0.4837909;48.70835;2.3117845;27.989525;52.41957;66.997925;true
48.6307;2.485;-5.420378;48.630444;2.485318;28.413605;23.368437;80.96386;true
48.8827;2.34141;-3.9514241;48.88258;2.3412433;13.570679;12.183508;56.118374;true
48.8828;2.29599;-4.24595;48.882698;2.295926;11.450259;4.671207;68.92614;true
48.883;2.35156;-5.861944;48.882946;2.3517425;5.9371715;13.333803;71.55492;true
48.8931;2.13853;-4.231998;48.892838;2.1383352;29.261774;14.237276;73.679825;true
48.8932;2.33165;-4.337736;48.893055;2.3315697;16.115181;5.8726473;53.792027;true
48.8932;2.38064;-4.776264;48.89307;2.380662;14.418844;1.6032151;43.50721;true
48.9011;2.32852;-0.29299676;48.90118;2.3289578;8.905757;31.989546;58.21079;true
48.7982;2.48877;-5.7203918;48.798145;2.488874;5.9371715;7.612273;99.09071;true
48.8696;2.30681;-5.7555585;48.86957;2.3068633;2.9685857;3.9053233;70.25425;true
48.8697;2.35306;-2.9793878;48.86972;2.3529391;2.1204183;8.839261;57.942165;true
48.8625;2.33894;-5.8709393;48.86247;2.3390355;3.3926697;6.992217;71.17185;true
48.8625;2.33653;-6.1781745;48.862495;2.336575;0.4240837;3.2955837;41.369312;true
48.8742;2.29694;-4.863765;48.874176;2.2969372;2.5445023;0.20919451;56.69635;true
48.8741;2.35828;-5.8031607;48.874077;2.3582983;2.5445023;1.3423342;81.55364;true
48.8624;2.31464;-0.7516073;48.86251;2.314835;12.298427;14.263455;56.61208;true
48.8624;2.35819;-1.2535526;48.862427;2.3582141;2.9685857;1.7611357;84.30644;true
48.8176;2.3771;-0.11060636;48.81762;2.3773756;2.1204183;20.175194;66.12625;true
48.8171;2.35107;-4.1570854;48.817017;2.350984;9.329842;6.2829943;104.92844;true
48.8169;2.36839;-5.403948;48.8168;2.3684943;11.0261755;7.6268883;94.13767;true
48.8168;2.40367;-4.816313;48.816692;2.403683;11.874343;0.9424549;73.455734;true
48.8173;2.46523;-4.5156093;48.81717;2.4651787;14.418844;3.7523293;102.84866;true
48.8685;2.36868;-5.3363094;48.868477;2.3686965;2.5445023;1.2030053;78.70774;true
48.8685;2.29692;-5.379976;48.868423;2.2970045;8.481673;6.17194;83.87801;true
48.8421;2.09399;-4.7656956;48.84179;2.0940125;34.350777;1.6397414;32.14572;true
49.0363;2.0813;-5.5153456;49.036064;2.0816762;26.293188;27.419828;96.2773;true
48.8602;2.34645;-5.449018;48.86001;2.3467205;21.204185;19.774412;55.601837;true
48.8604;2.31618;-2.2135918;48.860558;2.3160145;17.38743;12.101752;79.44935;true
49.035;2.10829;-6.170325;49.034958;2.1086237;4.664921;24.327482;58.28786;true
48.7653;2.40291;-4.690541;48.76521;2.4029076;10.178009;0.17470789;68.89464;true
48.8819;2.28434;-4.6927257;48.881714;2.2843482;20.7801;0.61005664;64.45823;true
48.6111;2.45893;-4.2656603;48.6109;2.4587748;22.052351;11.408365;84.56455;true
48.6108;2.42903;-5.449973;48.610764;2.42908;4.2408366;3.6801395;72.92675;true
48.8835;2.32902;-4.0183315;48.883286;2.3287551;23.748686;19.364325;97.40862;true
48.8837;2.32687;-1.9386647;48.88383;2.3267837;14.418844;6.3095007;45.974827;true
48.8938;2.29642;-5.907572;48.893726;2.2967181;8.0575905;21.782555;64.52618;true
48.8997;2.28355;-1.105319;48.8998;2.2836404;11.0261755;6.6036906;89.38636;true
48.8994;2.08378;-1.1359913;48.899635;2.0839512;26.293188;12.510498;92.83187;true
48.8992;2.21108;-3.5982673;48.89916;2.2110047;4.664921;5.506035;75.035706;true
48.8988;2.3678;-1.288968;48.898846;2.3678033;5.0890045;0.24394022;68.98754;true
48.9345;2.34376;-5.872667;48.934433;2.3439734;7.6335063;15.583608;79.45243;true
48.9361;2.35021;-2.923465;48.93611;2.3501246;1.2722511;6.233244;76.61749;true
48.8693;2.35322;-3.567716;48.869247;2.353074;5.9371715;10.669963;77.59935;true
48.8591;2.29942;-1.745226;48.859367;2.2993639;29.685858;4.1154003;72.49423;true
48.8735;2.28537;-3.35075;48.87348;2.285157;2.1204183;15.585208;74.020294;true
48.8732;2.67031;-2.8693178;48.873318;2.6696541;13.146594;47.958797;80.05474;true
48.8176;2.44609;-4.3041964;48.817486;2.4460003;12.72251;6.562173;38.808617;true
48.8184;2.33406;-3.9642832;48.818306;2.333946;10.602093;8.342204;58.997055;true
48.8575;2.35398;-3.3541927;48.857483;2.3538492;1.6963348;9.573843;121.642456;true
48.8748;2.32841;-3.2408369;48.874794;2.3282833;0.8481674;9.256745;32.31785;true
48.8348;2.66736;-3.1830354;48.834793;2.6672947;0.8481674;4.780369;66.54863;true
48.7631;2.34006;-1.9882817;48.76328;2.3399456;19.931932;8.386347;86.814026;true
48.8343;2.3571;-4.7056212;48.834206;2.3571014;10.602093;0.10468065;83.993286;true
48.8343;2.32387;-3.9525993;48.834194;2.3237164;11.874343;11.235723;54.241936;true
48.8452;2.37225;-4.916603;48.84487;2.3723536;36.471195;7.5702524;51.414745;true
48.8452;2.3779;-5.9758744;48.84516;2.3780499;4.2408366;10.971634;90.84567;true
48.845;2.37397;-5.6699557;48.84482;2.3743422;20.356018;27.228594;62.191772;true
48.8452;2.41024;-2.3832355;48.845226;2.410171;2.9685857;5.041021;87.925385;true
48.8454;2.3242;-2.4790297;48.845505;2.3240197;11.450259;13.186836;122.53041;true
48.7342;2.36749;-0.79079485;48.73443;2.3678539;25.44502;26.676933;66.513145;true
48.7322;2.43076;-2.9535067;48.732227;2.4305294;2.9685857;16.905388;87.86426;true
48.7328;2.31426;-1.5182054;48.732983;2.3142786;20.356018;1.3636035;74.35495;true
48.8962;2.40372;-2.7903812;48.8962;2.403649;0.0;5.175287;65.90733;true
48.8328;2.28976;-1.9252455;48.832798;2.2897747;0.4240837;1.064285;91.01703;true
48.8839;2.33345;-4.7345133;48.883724;2.3334572;19.507849;0.52288485;88.19815;true
48.8781;2.24882;-3.6422346;48.87807;2.248772;3.3926697;3.521166;90.818596;true
48.9025;2.3405;-0.3220983;48.90255;2.3407545;5.5130877;18.590353;85.98358;true
48.9026;2.39335;-4.6119413;48.9024;2.3933187;22.052351;2.28241;91.23634;true
48.9023;2.46466;-6.2313194;48.902287;2.46469;1.6963348;2.195308;83.971794;true
48.9341;2.37156;-1.2894039;48.934116;2.3715613;1.6963348;0.08705995;82.282425;true
48.8701;2.32077;-0.7633968;48.87012;2.3208005;2.5445023;2.231591;79.5679;true
48.8702;2.29061;-2.0030832;48.870228;2.2905836;2.9685857;1.9352037;97.83466;true
48.8701;2.32574;-5.969315;48.870075;2.3258228;2.5445023;6.0497036;47.548798;true
48.8661;2.3235;-4.753942;48.866005;2.3234973;10.602093;0.19179268;41.149456;true
48.8806;2.35505;-0.7356303;48.88077;2.355349;19.083767;21.858027;86.26424;true
48.8297;2.30341;-0.3583672;48.829723;2.3035436;2.5445023;9.771091;64.575516;true
48.8809;2.31033;-3.8611639;48.880856;2.3102174;5.0890045;8.227215;72.03848;true
48.8736;2.30973;-3.8683643;48.87355;2.3096442;5.5130877;6.2759104;90.90025;true
48.8735;2.33716;-2.5625184;48.87352;2.3370974;2.1204183;4.58491;119.4831;true
48.8196;2.35892;-1.8734272;48.819725;2.3588712;13.994762;3.5776381;64.14934;true
48.8195;2.39571;-0.82745034;48.81964;2.3959138;15.691096;14.921399;75.63514;true
48.8197;2.31796;-1.0409058;48.819782;2.3180537;9.329842;6.8585806;71.016174;true
48.8195;2.30093;-1.666669;48.819725;2.3008807;25.020937;3.612549;70.77524;true
48.8571;2.28355;-5.1939683;48.85695;2.2836573;16.963346;7.8474736;69.83026;true
48.8572;2.21633;-5.7346253;48.85706;2.2166333;15.691096;22.18215;68.243126;true
48.8665;2.35382;-2.2010567;48.866623;2.3536637;13.570679;11.437726;86.07521;true
48.8665;2.32813;-5.1306133;48.866486;2.328132;1.6963348;0.13948445;113.66886;true
48.815;2.42354;-5.7514687;48.814907;2.4237714;10.178009;16.92989;64.82818;true
48.8802;2.39691;-3.4141603;48.880116;2.3965204;9.329842;28.481901;67.632065;true
48.8415;2.26878;-4.792203;48.841362;2.26881;15.267013;2.1979775;56.073795;true
48.8414;2.36363;-4.866576;48.841293;2.3636405;11.874343;0.7675493;58.746246;true
48.8414;2.32082;-1.2924658;48.84151;2.3208683;12.298427;3.5237489;67.682526;true
48.8415;2.31725;-1.7580853;48.841637;2.3172112;15.267013;2.8434155;82.11429;true
49.0243;2.11514;-0.8175062;49.024654;2.1156683;39.43978;38.51521;102.722664;true
48.8341;2.3137;-2.8585863;48.834126;2.313588;2.9685857;8.200017;89.39821;true
48.8337;2.36194;-1.6216196;48.833755;2.3619385;6.361255;0.1046819;66.84288;true
48.7618;2.30238;-0.43912277;48.761833;2.3025322;3.8167531;11.1471405;74.87074;true
48.8449;2.3846;-5.135019;48.84482;2.384656;8.905757;4.0991244;109.48294;true
48.975;2.24436;-1.041834;48.975166;2.2445083;18.659683;10.821383;94.09575;true
48.8289;2.74693;-2.0344439;48.8294;2.7465365;55.554962;28.79028;59.66725;true
48.8846;2.37548;-3.1617892;48.884598;2.3753197;0.4240837;11.712457;65.74409;true
48.8821;2.26273;-1.8844074;48.882164;2.2626922;7.209422;2.7539594;53.863827;true
48.8787;2.46111;-3.473158;48.878616;2.4607635;9.329842;25.34512;78.963005;true
48.9023;2.31767;-1.4915389;48.902493;2.317683;21.204185;0.9408463;105.12566;true
48.9307;2.3125;-2.1107252;48.93095;2.3122563;27.989525;17.796268;85.65704;true
48.9319;2.42194;-5.3647313;48.931698;2.4221704;22.476435;16.820726;59.905567;true
48.9304;2.39761;-4.610988;48.93031;2.3975992;10.178009;0.7835977;62.883507;true
48.8701;2.27367;-3.1075947;48.87009;2.2735622;0.8481674;7.8803053;86.2113;true
48.87;2.30548;-4.30394;48.86982;2.3053637;19.931932;8.507957;104.30608;true
48.87;2.29662;-2.1706238;48.87006;2.2965496;6.7853394;5.14313;85.40884;true
48.8283;2.384;-3.796241;48.828247;2.3838978;5.9371715;7.485562;69.60987;true
48.8804;2.28064;-5.6616926;48.880295;2.2808597;11.874343;16.071117;90.73024;true
48.8726;2.30247;-4.540078;48.872414;2.302431;20.7801;2.8416493;67.31791;true
48.8727;2.30498;-3.068111;48.8727;2.304824;0.0;11.401443;79.10572;true
48.8142;2.34119;-3.6861224;48.814167;2.3410747;3.8167531;8.447626;74.18398;true
48.8141;2.30043;-5.939815;48.81404;2.3006446;6.361255;15.708428;70.59373;true
48.8667;2.36496;-4.495839;48.86669;2.364955;0.8481674;0.36614528;61.732365;true
48.8617;2.34731;-5.942335;48.861664;2.347462;3.8167531;11.107516;101.99881;true
48.8615;2.30331;-1.5005935;48.861538;2.3033075;4.2408366;0.17437299;118.75264;true
48.8616;2.32046;-3.8043654;48.861553;2.3203962;5.0890045;4.673187;144.65588;true
48.7595;2.32097;-1.7244364;48.75958;2.3209524;8.905757;1.2929878;56.955307;true
48.7887;2.44138;-0.8310517;48.788883;2.4416523;20.356018;19.942345;71.17744;true
48.856;2.25706;-5.1720495;48.85565;2.2572992;38.591614;17.491535;45.3779;true
48.831;2.34571;-1.396431;48.831253;2.3457766;27.989525;4.867971;52.765694;true
48.8801;2.3237;-1.9994432;48.88013;2.3236656;3.3926697;2.510038;88.72959;true
48.9053;2.21576;-5.7702;48.905197;2.2160268;11.450259;19.495256;49.194244;true
48.8921;2.31493;-0.39872444;48.89215;2.315172;5.5130877;17.688034;59.593838;true
48.8919;2.34158;-0.8395268;48.891987;2.341715;9.753924;9.880943;74.272194;true
48.946;2.36;-5.7207456;48.94596;2.3600848;4.2408366;6.197191;90.70399;true
48.8708;2.31269;-3.1464472;48.8708;2.312661;0.0;2.1269553;109.61164;true
48.8708;2.32777;-5.0427904;48.87073;2.3278115;7.6335063;3.0335262;106.70994;true
48.8815;2.30411;-5.061302;48.881443;2.3041165;6.361255;0.4706189;59.384335;true
48.8814;2.35647;-4.943236;48.88109;2.3565624;34.77486;6.7455516;35.975487;true
48.8276;2.61611;-0.3357384;48.827652;2.6163993;5.9371715;21.165768;77.44534;true
48.8271;2.30034;-3.9750078;48.82688;2.300072;24.17277;19.612993;57.01198;true
48.8273;2.29285;-1.9792694;48.82743;2.2927744;14.418844;5.5314;40.79357;true
48.8212;2.45144;-0.9674516;48.82153;2.4517808;36.471195;24.937954;57.95363;true
48.8671;2.30801;-3.9102504;48.866932;2.3077736;18.659683;17.295864;93.59881;true
48.8672;2.33743;-4.265763;48.86717;2.337401;3.3926697;2.1271083;102.5102;true
48.8621;2.36439;-3.9881759;48.862057;2.3643486;4.664921;3.016617;117.9369;true
48.8353;2.37222;-1.7004988;48.835308;2.372202;0.8481674;1.3259283;81.75605;true
48.8349;2.24695;-1.6209365;48.835;2.246935;11.0261755;1.0991335;76.3802;true
48.8353;2.53221;-1.561927;48.83561;2.5322194;34.350777;0.6804106;69.061;true
48.836;2.41286;-2.9718812;48.836033;2.4125137;3.8167531;25.331854;55.639015;true
48.7831;1.99201;-0.48464683;48.78317;1.9921876;7.6335063;13.011126;71.68199;true
48.8442;2.4134;-3.3261046;48.844177;2.413272;2.5445023;9.367066;36.06981;true
48.8445;2.21967;-4.3368063;48.84433;2.2195828;19.083767;6.3842196;78.33502;true
48.8549;2.37257;-2.8541353;48.854958;2.3723028;6.361255;19.549791;93.164345;true
48.8407;2.33235;-1.2276207;48.840916;2.332463;24.17277;8.268714;61.675816;true
48.8513;2.26163;-2.6700504;48.851334;2.2615461;3.8167531;6.1391807;74.91068;true
48.8553;2.32605;-1.9446032;48.855392;2.3259914;10.178009;4.290107;62.21873;true
48.7549;2.36713;-3.3508782;48.754868;2.3668258;3.8167531;22.297344;48.248386;true
48.5851;2.45141;-0.7743029;48.5853;2.4517133;22.476435;22.302477;64.20405;true
48.9035;2.3066;-4.3586426;48.90338;2.3065264;13.146594;5.3836026;83.68388;true
48.9042;2.47503;-2.2466137;48.904392;2.4748018;21.204185;16.673254;64.999954;true
48.8916;2.40619;-4.314546;48.891525;2.4061604;8.481673;2.1609244;73.05136;true
48.8918;2.17584;-4.7750263;48.891632;2.1758666;18.659683;1.951795;71.91992;true
48.8918;2.23715;-3.604345;48.891727;2.2369916;8.0575905;11.571356;89.28236;true
48.9446;2.25096;-0.071307465;48.94459;2.2509797;0.8481674;1.427483;94.32429;true
48.8268;2.52027;-4.2276583;48.826694;2.5201864;11.874343;6.1247344;106.96422;true
48.8269;2.36146;-5.5523734;48.826763;2.3616688;15.267013;15.285631;69.96123;true
48.8704;2.33547;-2.074182;48.87043;2.335429;3.3926697;2.9986823;103.33478;true
48.8814;2.31517;-1.3437784;48.881485;2.315189;9.329842;1.3769989;57.16863;true
48.8811;2.27073;-0.8981166;48.881252;2.2709332;16.963346;14.8507595;84.398636;true
48.872;2.34896;-3.1711752;48.87199;2.3488607;1.2722511;7.252394;85.64745;true
48.8223;2.31357;-4.2673984;48.822224;2.3135204;8.481673;3.629798;70.74984;true
48.8221;2.32946;-4.106259;48.821968;2.3293452;14.842929;8.393942;74.33555;true
48.8093;2.37945;-0.06276922;48.809315;2.3797014;1.6963348;18.398075;76.42204;true
48.8098;2.44248;-5.773254;48.80974;2.442613;6.7853394;9.722605;52.89593;true
49.0516;2.06683;-6.020492;49.051582;2.06693;2.1204183;7.2958083;101.900276;true
48.9997;2.17698;-2.3841524;48.999798;2.176844;11.0261755;9.929177;79.44305;true
48.8375;2.35323;-3.157515;48.837486;2.3530908;1.6963348;10.188265;60.546597;true
48.866;2.33388;-1.0378075;48.86602;2.333929;2.1204183;3.5917609;45.01391;true
48.8658;2.42749;-3.8648612;48.865734;2.4273946;7.209422;6.974321;63.11898;true
48.8661;2.35225;-1.214036;48.866127;2.3522818;2.9685857;2.3189478;46.90767;true
48.7838;2.43579;-5.6408505;48.78365;2.436074;16.539265;20.800047;73.08092;true
48.8471;2.21446;-1.009195;48.847225;2.2145774;13.994762;8.599062;71.653564;true
48.8566;2.31821;-3.979945;48.856525;2.3180873;8.481673;8.963648;82.4565;true
48.8484;2.39369;-1.2730143;48.84844;2.393706;4.2408366;1.1686049;64.13064;true
48.7567;2.34642;-2.0749185;48.75686;2.3462822;17.811514;10.099847;71.402626;true
48.8867;2.23909;-4.1358566;48.88662;2.2389972;8.905757;6.7796936;106.542656;true
48.8914;2.25248;-0.3823567;48.891403;2.2525132;0.4240837;2.4223363;85.04227;true
48.8911;2.3072;-1.1392778;48.89121;2.307251;11.874343;3.7293746;88.52979;true
48.9115;2.51527;-0.6884871;48.911648;2.5155518;16.539265;20.59029;77.517296;true
48.912;2.31472;-1.3014928;48.912125;2.3147843;13.994762;4.703319;74.939674;true
48.832;2.32962;-0.063260905;48.83202;2.3298674;2.1204183;18.110582;84.68814;true
48.8792;2.31699;-4.5292416;48.87905;2.3169582;16.539265;2.3183403;61.4108;true
48.8793;2.29259;-2.290216;48.879326;2.2925386;2.9685857;3.747686;107.28386;true
48.8723;2.31746;-1.2543954;48.872345;2.3174639;5.0890045;0.2789366;85.27916;true
48.8231;2.4107;-1.9097892;48.823196;2.410643;10.602093;4.1707106;69.88188;true
48.9414;2.30335;-2.0517433;48.94141;2.3033242;1.2722511;1.8802202;72.91217;true
48.8758;2.28211;-2.6651797;48.875843;2.281972;4.664921;10.093311;87.483536;true
48.8758;2.32405;-0.06205207;48.8758;2.3243566;0.0;22.41796;78.58072;true
48.9422;1.91881;-1.1682273;48.94242;1.9189622;24.596853;11.115752;46.971367;true
48.8252;2.21075;-0.35380262;48.82527;2.2110553;8.0575905;22.335928;50.338524;true
48.8249;2.38703;-0.25779253;48.824944;2.3872683;4.664921;17.450047;95.33681;true
48.8256;2.37775;-2.6897893;48.825653;2.377561;5.9371715;13.820244;84.55397;true
48.8255;2.39389;-0.56062895;48.825573;2.3940768;8.0575905;13.680674;94.12288;true
48.8259;2.22645;-5.3864846;48.825638;2.2267451;29.261774;21.602728;76.34515;true
49.0075;2.53799;-0.22860655;49.007584;2.5385559;9.329842;41.257877;64.33525;true
48.8363;2.40269;-2.2870846;48.83639;2.4025369;10.178009;11.200382;55.277294;true
48.8362;2.27897;-5.7575526;48.83616;2.2790563;4.664921;6.3154926;81.18679;true
48.8366;2.38674;-5.4569936;48.836514;2.3868637;9.753924;9.05446;55.02309;true
48.8657;2.2765;-6.002386;48.86564;2.276781;6.7853394;20.556852;66.54939;true
48.8657;2.30015;-5.9901805;48.865665;2.3002908;3.8167531;10.304579;67.431366;true
48.8469;2.38413;-2.2301338;48.84695;2.384083;5.5130877;3.43615;35.211258;true
48.8467;2.31302;-1.3950309;48.846817;2.3130653;13.146594;3.3140666;105.5977;true
48.8469;2.25684;-5.704383;48.846817;2.2570298;9.329842;13.884139;55.48153;true
48.856;2.40813;-5.7225657;48.855938;2.4082332;6.7853394;7.551181;74.05436;true
48.8488;2.39697;-2.4697635;48.84889;2.396824;9.753924;10.691776;62.567757;true
48.8487;2.35738;-4.70225;48.848656;2.3573883;5.0890045;0.61046153;92.03755;true
48.8486;2.34575;-2.5360887;48.84864;2.3456419;4.664921;7.918574;118.8395;true
48.8489;2.44824;-4.401093;48.848686;2.4481237;23.748686;8.511545;72.02238;true
48.8489;2.29854;-2.1849782;48.848957;2.2984877;6.361255;3.8371716;47.088337;true
48.8343;2.25782;-0.72118306;48.834496;2.258159;21.628267;24.809315;78.82685;true
48.6723;2.1957;-2.6912415;48.672386;2.1954496;9.753924;18.378277;64.40375;true
48.8758;2.32644;-2.3555312;48.87596;2.326177;17.811514;19.245275;47.001503;true
48.8876;2.26126;-0.1874546;48.88763;2.2615292;3.3926697;19.676443;80.12964;true
48.8874;2.25031;-1.3767471;48.88751;2.250356;11.874343;3.3636568;79.93852;true
48.9081;2.34381;-3.9818285;48.908016;2.3436868;9.329842;9.006687;77.128845;true
48.8801;2.35303;-4.806034;48.88004;2.3530233;6.7853394;0.48806292;109.58663;true
48.9062;2.37483;-5.0218115;48.90595;2.374949;27.989525;8.693439;72.5491;true
48.907;2.4509;-2.2119207;48.907192;2.450652;21.204185;18.13572;72.151184;true
48.8906;2.23928;-0.8607135;48.89072;2.2394354;13.570679;11.362508;102.08394;true
48.9099;2.33375;-1.0749333;48.909966;2.333828;7.209422;5.696481;78.233315;true
48.8709;2.35851;-5.8985033;48.870857;2.358652;4.664921;10.390679;78.72672;true
48.8709;2.33217;-5.1092224;48.87071;2.3322775;21.204185;7.862746;59.551727;true
48.8313;2.23519;-4.302164;48.83112;2.2350705;19.931932;8.741357;84.26191;true
48.8315;2.38674;-2.7502613;48.831528;2.386611;2.9685857;9.439232;77.36684;true
48.8788;2.475;-2.159651;48.878944;2.4748693;16.115181;9.552337;79.104805;true
48.918;2.35832;-4.823352;48.917835;2.3583488;18.235598;2.1075306;80.77438;true
48.9172;2.30584;-2.7343264;48.917206;2.305785;0.8481674;4.0235314;82.005066;true
48.9177;2.22803;-0.59904313;48.917805;2.2282956;11.450259;19.40333;99.56073;true
48.8245;2.50094;-3.0662208;48.82451;2.500873;0.8481674;4.903502;73.79011;true
48.8765;2.29221;-0.23925522;48.87654;2.2924542;4.664921;17.850443;67.51676;true
48.8763;2.32712;-6.0954366;48.876293;2.327188;0.8481674;4.9681606;115.352234;true
48.8761;2.35782;-3.4726815;48.87603;2.357489;7.6335063;24.19591;46.66599;true
48.8687;2.41472;-2.3427894;48.868847;2.4145024;16.539265;15.917966;63.995052;true
48.8737;2.32844;-2.6272752;48.873722;2.3283508;2.5445023;6.5199604;63.202232;true
48.8123;2.32943;-2.9518936;48.81232;2.3292441;2.1204183;13.61446;61.907997;true
49.0435;2.20288;-3.0337605;49.043533;2.2022243;3.8167531;47.77796;80.27429;true
48.8625;2.34965;-4.8073106;48.86241;2.3496864;9.753924;2.6678534;109.940796;true
49.0411;2.54249;-3.4125643;49.040955;2.5417073;16.115181;57.04095;67.818665;true
48.8385;2.25171;-6.157085;48.83848;2.2519403;2.1204183;16.85217;59.253635;true
48.8384;2.25767;-1.8524888;48.83863;2.2575688;25.44502;7.3968267;72.81689;true
48.8382;2.33144;-3.0978482;48.83821;2.3312328;1.2722511;15.160068;84.320175;true
48.8383;2.37234;-6.0655;48.838264;2.3724716;3.8167531;9.62985;78.8416;true
48.8653;2.3677;-1.2801107;48.865337;2.367719;4.2408366;1.377442;39.674168;true
48.8651;2.40275;-2.4522307;48.8652;2.4025538;11.0261755;14.349864;64.92148;true
48.8393;2.27121;-4.246114;48.839233;2.2711692;7.209422;2.983101;89.66654;true
48.8391;2.56113;-4.106942;48.838837;2.560869;29.261774;19.102386;57.733944;true
48.8539;2.34379;-4.434538;48.853878;2.3438046;2.5445023;1.0638368;84.09699;true
48.8537;2.28899;-2.1332645;48.853863;2.2888477;18.235598;10.41169;80.0196;true
48.8492;2.4252;-4.3093777;48.84911;2.4251533;10.178009;3.4185505;90.2766;true
48.849;2.3026;-0.78665286;48.84901;2.3026502;1.2722511;3.6801891;71.81064;true
48.8496;2.32695;-2.4110644;48.84963;2.3269184;2.9685857;2.319712;95.66256;true
48.8494;2.41267;-2.9856417;48.849438;2.412244;4.2408366;31.15054;72.51643;true
48.8983;2.38405;-5.215636;48.898163;2.3841674;15.267013;8.590266;98.784195;true
48.8463;2.48398;-4.953658;48.846146;2.4840202;16.963346;2.9477985;90.46914;true
48.8589;2.41507;-6.0737476;48.85886;2.4153113;4.2408366;17.647463;75.35791;true
48.8591;2.44249;-2.2823088;48.85916;2.4423938;6.7853394;7.045007;79.23181;true
48.6634;2.36035;-1.777742;48.663425;2.3603206;2.9685857;2.1532643;56.09837;true
48.8905;2.2888;-5.339061;48.89039;2.2889152;12.298427;8.417335;99.988495;true
48.8902;2.15401;-6.2745295;48.890198;2.1541097;0.4240837;7.2846107;78.371;true
48.8718;2.33088;-3.6962671;48.87169;2.330626;12.298427;18.566902;70.95267;true
48.831;2.35653;-2.0866888;48.83112;2.3564107;13.146594;8.723963;68.71526;true
48.8801;2.29826;-0.14817485;48.880116;2.2984877;1.6963348;16.646431;77.7657;true
48.8304;2.49304;-0.2793095;48.830395;2.493087;0.4240837;3.437282;52.44125;true
48.8752;2.22699;-5.305044;48.874912;2.2272847;31.806276;21.546604;60.456093;true
48.8753;2.29408;-3.88448;48.87523;2.293971;8.0575905;7.9666495;68.91252;true
48.9873;2.20651;-1.2779546;48.9876;2.2066567;33.07853;10.696959;58.862637;true
48.838;2.33883;-1.6357019;48.838264;2.3387995;29.261774;2.2330222;67.86358;true
48.8651;2.36075;-5.9121823;48.865047;2.3609273;5.9371715;12.972417;96.36429;true
48.865;2.27068;-5.6627645;48.86493;2.2707987;8.0575905;8.683168;58.3106;true
48.8649;2.38112;-1.9446774;48.865047;2.3810158;16.539265;7.619582;76.72204;true
48.8648;2.28802;-5.881605;48.86476;2.28814;4.2408366;8.78782;86.45484;true
48.8388;2.61528;-1.1520842;48.839085;2.615472;31.806276;14.060836;83.539024;true
48.7804;2.18741;-2.2707515;48.780495;2.1872592;10.602093;11.055685;54.538002;true
48.8388;2.26257;-5.738407;48.838657;2.2628777;15.691096;22.52176;47.649647;true
48.7816;2.02914;-6.167374;48.781555;2.0297189;5.0890045;42.405308;62.64129;true
48.7817;2.31375;-0.12734689;48.781708;2.3139923;0.8481674;17.744526;86.64036;true
48.8532;2.34661;-2.8764648;48.85326;2.3462315;6.7853394;27.695024;42.225998;true
48.8535;2.36824;-6.041691;48.85345;2.3685615;5.5130877;23.50924;49.678127;true
48.8597;2.34693;-3.837813;48.85957;2.3467035;14.418844;16.56603;85.21779;true
48.8596;2.34529;-1.9386443;48.85967;2.3452373;7.6335063;3.8537896;117.73223;true
48.8596;2.28567;-5.924894;48.859516;2.2859662;9.329842;21.657948;67.84554;true
48.8795;2.34305;-4.8977594;48.879284;2.343114;24.17277;4.671515;71.691444;true
48.8796;2.3301;-4.7229567;48.879517;2.3301036;9.329842;0.2614649;68.56612;true
48.8796;2.36988;-5.614857;48.879517;2.3699942;9.329842;8.349446;79.66894;true
48.8298;2.26197;-1.719244;48.829887;2.2619338;9.753924;2.652148;76.79499;true
48.9213;2.36461;-2.149944;48.921333;2.3645675;3.8167531;3.1001291;40.67816;true
48.8756;2.2944;-5.122773;48.87554;2.294426;6.361255;1.9001302;84.23241;true
48.8755;2.34155;-5.4175577;48.875446;2.341614;5.9371715;4.671889;88.42992;true
48.8555;2.33187;-2.4939487;48.85553;2.3318055;3.3926697;4.726074;146.14946;true
48.985;2.62858;-2.7035458;48.985027;2.6284993;2.9685857;5.8966446;64.81072;true
48.8645;2.30054;-4.9079866;48.864326;2.3005774;19.083767;2.7374918;51.855957;true
48.7798;2.4189;-2.055604;48.77986;2.4188335;6.7853394;4.872943;64.198265;true
48.7786;2.36149;-2.6117659;48.7787;2.3611631;11.450259;23.946112;53.58387;true
48.7799;2.47751;-0.81404865;48.780262;2.478021;40.28795;37.429016;74.04;true
48.8547;2.29227;-0.4925446;48.854763;2.2924712;7.209422;14.719081;87.9541;true
48.8547;2.35612;-4.5583377;48.85461;2.3560905;9.753924;2.1625187;69.71773;true
48.8507;2.3235;-0.39397153;48.85072;2.323632;2.1204183;9.662348;77.207886;true
48.8511;2.33743;-2.0507352;48.851143;2.337384;4.664921;3.366098;87.38277;true
48.7919;2.04393;-0.7829158;48.791954;2.044044;5.9371715;8.346614;68.17179;true
48.8582;2.37286;-2.9229784;48.858234;2.3726232;3.8167531;17.31638;55.781418;true
49.0729;2.34334;-4.83755;49.0724;2.343434;55.554962;6.858595;65.29031;true
48.7767;2.61135;-1.1336429;48.7772;2.611714;55.554962;26.654375;64.29725;true
48.6785;2.34631;-0.8421506;48.678642;2.3465014;15.691096;14.053276;89.48699;true
49.0631;2.11333;-5.0134172;49.062675;2.1135113;47.073288;13.216252;94.0488;true
48.8976;2.33847;-4.531561;48.897396;2.3384118;22.476435;4.251632;65.022316;true
48.8975;2.3521;-5.2945805;48.89741;2.3521638;9.753924;4.6698337;105.82284;true
48.8974;2.26429;-4.0789685;48.897232;2.2641249;18.659683;12.075378;69.44238;true
48.9517;2.27988;-2.65303;48.951805;2.279562;11.874343;23.219406;57.897522;true
48.877;2.3667;-4.2273865;48.876896;2.3666067;11.450259;6.8158727;101.56995;true
48.9239;2.20801;-4.215966;48.92379;2.2079375;12.298427;5.2943273;88.28759;true
48.9978;2.51692;-0.8072876;48.997868;2.517052;7.6335063;9.616538;60.583088;true
48.8643;2.33285;-3.8820274;48.864227;2.3327496;8.0575905;7.340693;95.13597;true
48.8643;2.3431;-0.19079697;48.8643;2.343114;0.0;1.0113068;95.41236;true
48.8644;2.37335;-1.6425068;48.864475;2.3733478;8.481673;0.15692662;90.950516;true
48.7779;2.34521;-4.7194347;48.77772;2.3452206;19.931932;0.76852185;67.93005;true
48.8542;2.34624;-5.542596;48.854164;2.3462822;3.8167531;3.086852;116.05382;true
48.8542;2.49472;-6.1749268;48.854176;2.4950082;2.5445023;21.08477;78.059814;true
48.8925;2.35899;-1.5280535;48.89267;2.3590062;18.659683;1.1850017;66.854195;true
48.7477;2.30348;-1.9080403;48.747967;2.3033242;29.685858;11.412425;72.81871;true
48.8587;2.38975;-1.686823;48.85871;2.3897457;1.2722511;0.313889;70.6517;true
48.8584;2.27596;-2.617908;48.85841;2.2758882;1.2722511;5.248952;59.65589;true
48.6948;2.37154;-6.2086744;48.69477;2.3719323;3.3926697;28.779772;63.049873;true
48.8482;2.27159;-5.6914415;48.848167;2.2716746;3.8167531;6.1918855;74.269745;true
48.6332;2.41388;-4.152075;48.633;2.41371;22.476435;12.489408;71.71101;true
48.8356;2.54808;-3.743928;48.83546;2.5477743;15.691096;22.366182;62.04039;true
48.8608;2.26724;-6.249186;48.86079;2.267546;1.2722511;22.372368;62.695156;true
48.8984;2.27972;-3.753151;48.898247;2.279427;16.963346;21.414639;58.573975;true
48.8983;2.2424;-5.9841185;48.898247;2.2426207;5.9371715;16.135063;77.22701;true
48.848;2.3948;-4.6934376;48.847828;2.3948014;19.083767;0.104652025;65.548134;true
48.8853;2.3694;-0.6242523;48.885323;2.3694887;2.5445023;6.483591;77.305725;true
48.8852;2.35654;-3.181361;48.885185;2.356377;1.6963348;11.921464;95.86763;true
48.8966;2.36056;-1.0045408;48.89677;2.3607252;19.083767;12.075572;77.81284;true
48.8966;2.29448;-0.73771226;48.896687;2.2946787;9.753924;14.515081;75.1544;true
48.8966;2.2466;-4.203931;48.896553;2.2465475;5.0890045;3.833515;59.516518;true
48.8324;2.28215;-2.2014544;48.83246;2.28209;6.361255;4.3967533;81.85642;true
48.8972;2.31311;-4.99887;48.897125;2.3131664;8.481673;4.1122665;87.654205;true
48.8775;2.31381;-4.346749;48.87733;2.313689;18.659683;8.855316;75.46032;true
48.8774;2.32124;-3.2760382;48.877384;2.3212051;1.6963348;2.5450368;68.94231;true
48.9251;2.32311;-1.775302;48.92528;2.3230424;20.356018;4.945897;44.803356;true
48.9256;2.24372;-0.9157533;48.925674;2.243834;8.481673;8.324349;73.04832;true
48.9264;2.35226;-3.1839771;48.926384;2.3520796;1.6963348;13.182911;67.85947;true
48.8636;2.41264;-2.8746219;48.863632;2.412396;3.3926697;17.855045;108.00557;true
48.8641;2.29372;-6.2355676;48.864094;2.2939541;0.8481674;17.122538;62.159374;true
48.8745;2.37472;-5.0278625;48.87438;2.3747804;13.570679;4.4104905;77.429474;true
48.9555;2.47045;-4.7652187;48.95532;2.4704707;20.356018;1.5141939;87.514626;true
48.7765;2.22842;-3.1696882;48.776505;2.2280934;0.4240837;23.929644;80.264;true
48.8433;2.32452;-3.888198;48.84321;2.3243566;10.178009;11.966336;66.41583;true
48.8432;2.37328;-5.557754;48.84317;2.3733478;3.3926697;4.954003;76.188126;true
48.8431;2.41702;-3.626606;48.842987;2.416727;12.72251;21.438318;85.026184;true
48.8051;2.32425;-3.206287;48.80507;2.3239522;3.3926697;21.80372;90.29698;true
48.8046;2.03726;-1.0214218;48.80464;2.0373027;4.664921;3.1248236;83.18129;true
48.8675;2.31326;-0.8989709;48.867588;2.3134024;9.753924;10.40882;44.66369;true
48.8424;2.16686;-4.3147993;48.842213;2.1667323;20.7801;9.349958;44.941315;true
48.8426;2.37237;-2.5932238;48.842674;2.372185;8.0575905;13.536452;83.69188;true
48.8516;2.40805;-2.7973423;48.851635;2.407879;3.8167531;12.505016;77.43659;true
48.8609;2.31463;-5.3584666;48.86079;2.3147507;12.298427;8.823379;56.365715;true
48.7497;2.38585;-1.3734766;48.74992;2.38592;24.596853;5.138008;60.86514;true
48.8522;2.32933;-0.26564866;48.852238;2.3295135;4.2408366;13.429215;77.82816;true
48.8516;2.37567;-3.3902419;48.85155;2.3754206;5.5130877;18.243023;56.689556;true
48.7491;2.35438;-2.8501818;48.749157;2.3540344;6.361255;25.32334;74.102356;true
48.8516;2.29116;-0.5104601;48.851715;2.2915273;12.72251;26.858751;82.2827;true
48.7499;2.32819;-5.8603787;48.749878;2.3282664;2.5445023;5.5923667;92.31068;true
48.7529;2.44177;-4.8362103;48.752666;2.4418209;25.869104;3.722197;74.785255;true
0.0;0.0;3.1415927;0.0;-0.0;0.0;0.0;0.0;false
48.6875;2.51246;-1.1887066;48.68719;2.5122654;34.350777;14.278236;84.6869;false
48.6909;2.32307;2.7022636;48.691017;2.3234973;13.146594;31.354015;58.744617;false
48.8885;2.3929;-0.77755666;48.88845;2.3928297;5.5130877;5.1412277;67.99625;false
48.6432;2.54368;-0.13784862;48.643166;2.5435781;3.8167531;7.478148;90.00496;false
48.8856;2.40001;-0.6464498;48.88554;2.3999248;6.7853394;6.2395463;61.435455;false
48.8857;2.34769;-1.7841651;48.885555;2.3477314;16.115181;3.0151942;104.174034;false
48.8946;2.47935;0.822412;48.89476;2.479116;17.811514;17.1121;81.76214;false
48.8689;2.30896;0.2135024;48.868916;2.308852;1.6963348;7.897928;50.658993;false
48.8335;2.34168;-1.6131275;48.833305;2.3416982;21.628267;1.3259759;61.63758;false
48.9281;2.41527;-0.9857738;48.927776;2.4149573;36.04711;22.847277;62.774166;false
48.8521;2.33953;-0.5822637;48.85199;2.3392882;12.298427;17.684742;51.723236;false
48.7712;2.4442;-2.4355543;48.770996;2.4445171;22.476435;23.233421;61.18995;false
48.8681;2.32189;-1.1723659;48.868015;2.3218455;9.329842;3.260345;105.641815;false
48.8427;2.23166;-1.3290541;48.8425;2.231582;22.476435;5.7041388;77.20843;false
48.7996;2.45686;2.6786127;48.799713;2.4572074;12.72251;25.437555;99.297554;false
48.7984;2.34445;0.72295594;48.79843;2.3443778;3.3926697;5.2901597;80.82792;false
48.8455;2.33017;-2.6182792;48.845448;2.3303056;5.9371715;9.924994;85.87423;false
48.8448;2.3402;1.3742273;48.844925;2.3401477;13.994762;3.820043;98.42323;false
48.8763;2.3482;-1.6894615;48.876278;2.3482034;2.5445023;0.24405;83.17933;false
48.715;2.25451;-3.0521944;48.714993;2.2547042;0.8481674;14.252951;62.306244;false
48.8519;2.38335;-2.1583707;48.8518;2.383426;11.0261755;5.5635657;82.08003;false
48.852;2.39402;0.70184946;48.852047;2.3939252;5.0890045;6.941362;93.77623;false
48.7136;2.28014;2.1791391;48.71368;2.280219;8.905757;5.8062716;89.933426;false
48.8509;2.36919;0.25902104;48.85091;2.3690841;1.2722511;7.743801;100.35749;false
48.888;2.32503;1.0942554;48.888027;2.3249972;2.9685857;2.405073;91.369354;false
48.8864;2.27883;1.835915;48.886482;2.278871;9.329842;2.9977229;78.958015;false
48.8862;2.28586;2.8220234;48.886196;2.2859323;0.4240837;5.2808943;91.7043;false
48.8865;2.30853;0.18451309;48.886536;2.3083801;3.8167531;10.962582;92.42415;false
48.8954;2.22438;-2.3699992;48.89531;2.2245207;10.178009;10.281035;73.088745;false
48.8767;2.40387;-0.3975234;48.876617;2.4035985;9.329842;19.855051;87.46277;false
48.8768;2.30293;-2.4288394;48.87676;2.3029873;4.664921;4.1836724;100.553444;false
48.8769;2.28672;1.9898056;48.876987;2.2867918;9.753924;5.247012;110.357376;false
48.8401;2.10967;1.4078361;48.840267;2.1096349;18.659683;2.564379;79.65659;false
48.8517;2.34273;-0.8003583;48.85165;2.3426588;5.5130877;5.2147737;102.87839;false
48.9287;2.34094;0.20846534;48.928696;2.3408892;0.4240837;3.7091553;71.83963;false
48.9284;2.48237;1.41178;48.92853;2.482335;14.842929;2.5424411;48.356934;false
48.8738;2.31422;-2.6336162;48.873753;2.3143125;5.0890045;6.7640095;41.745445;false
48.8738;2.32522;0.34349728;48.873806;2.3250813;0.8481674;10.146014;122.91987;false
48.9729;2.27125;0.18580747;48.972927;2.27095;2.9685857;21.887257;83.64279;false
48.9734;2.48871;-1.2121952;48.973255;2.488621;16.115181;6.489558;57.464798;false
48.8682;2.34074;2.2054627;48.86833;2.3408892;14.418844;10.914289;95.02298;false
48.8418;2.34843;2.5264165;48.841858;2.348591;6.361255;11.7922535;91.421196;false
48.842;2.32575;0.848824;48.842167;2.3255363;18.659683;15.647351;72.05747;false
48.7217;2.26175;0.71664596;48.721767;2.261597;7.6335063;11.225982;76.21117;false
48.7009;2.29523;0.49381757;48.701004;2.294881;11.450259;25.592527;62.799133;false
48.707;2.59376;-2.9557354;48.706905;2.5944734;10.602093;52.333256;60.807724;false
48.7081;2.31107;2.5716496;48.708405;2.3117845;33.926693;52.41957;66.104904;false
48.6307;2.485;-1.9832146;48.630325;2.4852335;41.5602;17.167217;79.97227;false
48.8827;2.34141;-1.0556138;48.882565;2.3413105;15.267013;7.268274;57.40484;false
48.8828;2.29599;-1.5548956;48.882645;2.2959933;17.38743;0.24401827;65.54503;false
48.883;2.35156;2.1716356;48.883083;2.351658;9.329842;7.1636515;68.33046;false
48.8931;2.13853;-1.9149168;48.892838;2.1386724;29.261774;10.403495;88.33103;false
48.8932;2.33165;-1.3914931;48.89307;2.3316205;14.418844;2.1608553;67.61372;false
48.8932;2.38064;0.27821636;48.89322;2.38051;2.1204183;9.497308;56.956814;false
48.9011;2.32852;-2.7852323;48.90099;2.3289742;12.298427;33.191765;72.576485;false
48.7982;2.48877;-1.8654139;48.79803;2.48884;18.659683;5.133047;102.97243;false
48.8696;2.30681;-2.603553;48.869545;2.306914;5.9371715;7.6188674;73.08621;false
48.8697;2.35306;-1.8867862;48.869556;2.3531413;16.115181;5.945145;33.995514;false
48.8625;2.33894;-0.42357588;48.862427;2.338732;8.0575905;15.205021;69.45606;false
48.8625;2.33653;1.7507982;48.862644;2.336575;16.115181;3.2955837;40.58743;false
48.8742;2.29694;-2.4873254;48.874138;2.297072;6.7853394;9.64038;60.546806;false
48.8741;2.35828;-2.281091;48.874054;2.358332;5.0890045;3.8003745;84.87819;false
48.8624;2.31464;-0.7224803;48.862274;2.3144474;13.994762;14.089086;76.05918;false
48.8624;2.35819;-1.4141419;48.86229;2.3581805;12.298427;0.6974794;93.94434;false
48.8176;2.3771;2.160469;48.817814;2.377325;23.748686;16.475245;64.287025;false
48.8171;2.35107;1.7224555;48.817116;2.3510683;1.6963348;0.122169346;115.17424;false
48.8169;2.36839;-1.35372;48.816845;2.3683765;5.9371715;0.9948114;98.23424;false
48.8168;2.40367;-1.4261787;48.81664;2.4036155;17.811514;3.9967067;84.6409;false
48.8173;2.46523;-1.9501331;48.8171;2.4653642;22.052351;9.825868;112.2518;false
48.8685;2.36868;0.66325474;48.868507;2.368646;0.8481674;2.4931848;82.02883;false
48.8685;2.29692;-2.5603125;48.868397;2.2971225;11.450259;14.8021965;78.492546;false
48.8421;2.09399;-2.8011968;48.84202;2.0943327;8.905757;25.067108;46.241074;false
49.0363;2.0813;-1.5253932;49.036118;2.0812886;20.356018;0.83406323;109.02312;false
48.8602;2.34645;-1.8492067;48.860134;2.3464847;7.209422;2.528474;57.065037;false
48.8604;2.31618;-0.6931751;48.86035;2.3161156;5.5130877;4.7081747;90.572525;false
49.035;2.10829;-0.35713005;49.034958;2.108152;4.664921;10.061151;70.5568;false
48.7653;2.40291;0.49997687;48.765343;2.4027896;4.664921;8.822749;70.470604;false
48.8819;2.28434;-2.623985;48.881786;2.2846177;12.72251;20.306171;72.01188;false
48.6111;2.45893;-1.2803748;48.610775;2.4587748;36.04711;11.408365;86.91923;false
48.6108;2.42903;1.9127052;48.611023;2.4291644;24.596853;9.883803;69.015656;false
48.8835;2.32902;-0.48555303;48.88337;2.3286374;14.418844;27.974564;84.438324;false
48.8837;2.32687;0.6704116;48.883778;2.3266993;8.481673;12.479567;55.684635;false
48.8938;2.29642;-2.8208497;48.89371;2.2968023;9.753924;27.933949;67.785126;false
48.8997;2.28355;1.5876487;48.899815;2.2835393;12.72251;0.7840794;90.2145;false
48.8994;2.08378;0.017552376;48.899406;2.0831928;0.8481674;42.915535;82.90781;false
48.8992;2.21108;0.67596245;48.899418;2.210651;24.17277;31.363491;85.09454;false
48.8988;2.3678;1.1115599;48.898846;2.3677695;5.0890045;2.2303104;77.66232;false
48.9345;2.34376;1.2509853;48.934666;2.3436701;18.235598;6.564268;85.283066;false
48.9361;2.35021;-1.0127823;48.935917;2.3500404;20.356018;12.379431;64.624596;false
48.8693;2.35322;0.30696535;48.86934;2.3530064;4.2408366;15.621385;85.29909;false
48.8591;2.29942;2.195754;48.859215;2.2995832;12.72251;11.927686;75.05166;false
48.8735;2.28537;-1.981076;48.87337;2.2854605;14.418844;6.607152;88.127266;false
48.8732;2.67031;0.25984454;48.873318;2.6697044;13.146594;44.280388;75.22293;false
48.8176;2.44609;-1.8920157;48.817444;2.4461687;17.38743;5.759354;43.084866;false
48.8184;2.33406;-0.9238188;48.818275;2.3339124;13.994762;10.80298;49.591766;false
48.8575;2.35398;-2.566704;48.857483;2.3539839;1.6963348;0.27901912;117.589645;false
48.8748;2.32841;2.836846;48.874886;2.3288395;9.329842;31.413664;23.287138;false
48.8348;2.66736;2.3591952;48.835014;2.667699;23.748686;24.809065;82.48395;false
48.7631;2.34006;-0.7414484;48.762966;2.3398278;14.842929;17.017296;90.525604;false
48.8343;2.3571;-0.98508954;48.83418;2.356967;13.570679;9.7353;74.70878;false
48.8343;2.32387;-0.47609043;48.834248;2.3237164;5.9371715;11.235723;60.371017;false
48.8452;2.37225;-1.0904696;48.845146;2.372202;5.9371715;3.523482;46.93089;false
48.8452;2.3779;-2.2907279;48.845055;2.3780837;16.115181;13.448537;95.58957;false
48.845;2.37397;-2.4311626;48.84487;2.3741906;14.418844;16.134817;75.00597;false
48.8452;2.41024;0.9476788;48.84534;2.4100869;15.691096;11.198392;87.26231;false
48.8454;2.3242;1.671402;48.845432;2.3242052;3.3926697;0.383744;112.57201;false
48.7342;2.36749;2.137144;48.7344;2.367702;22.476435;15.541149;81.227005;false
48.7322;2.43076;-2.1554348;48.73219;2.4307823;1.2722511;1.6433363;97.573814;false
48.7328;2.31426;0.38446784;48.732872;2.3139923;8.0575905;19.632395;85.042046;false
48.8962;2.40372;2.4132793;48.896374;2.4040368;19.507849;23.158102;66.979935;false
48.8328;2.28976;2.2943711;48.83285;2.289859;5.5130877;7.2406273;90.359825;false
48.8839;2.33345;-2.3168776;48.883778;2.3336258;13.570679;12.845537;73.835266;false
48.8781;2.24882;0.16383171;48.878094;2.248772;0.8481674;3.521166;84.19155;false
48.9025;2.3405;1.3048966;48.90264;2.3404343;15.691096;4.808751;76.3812;false
48.9026;2.39335;-2.0835226;48.902466;2.3934531;14.842929;7.5441484;92.16689;false
48.9023;2.46466;1.4010447;48.902534;2.4645889;25.869104;5.192078;70.601234;false
48.9341;2.37156;3.0395129;48.9341;2.3716962;0.0;9.942247;98.063255;false
48.8701;2.32077;-2.749729;48.87009;2.3208005;0.8481674;2.231591;88.3934;false
48.8702;2.29061;2.6943512;48.870228;2.2907186;2.9685857;7.9325914;108.35083;false
48.8701;2.32574;-2.9089;48.870075;2.3258564;2.5445023;8.50794;42.844078;false
48.8661;2.3235;-2.3279812;48.866035;2.3235815;7.209422;5.963009;44.013287;false
48.8806;2.35505;2.2207005;48.880867;2.355366;29.685858;23.095602;68.96109;false
48.8297;2.30341;1.8980509;48.82986;2.3035097;17.811514;7.2934213;70.00528;false
48.8809;2.31033;-0.50178313;48.880856;2.3102005;5.0890045;9.464783;90.70974;false
48.8736;2.30973;-1.6682637;48.873436;2.3097453;18.235598;1.1157174;100.06985;false
48.8735;2.33716;-0.133811;48.87349;2.3371649;1.2722511;0.34866238;137.29942;false
48.8196;2.35892;0.92364883;48.819736;2.3587701;15.267013;10.977241;63.05205;false
48.8195;2.39571;-1.9257538;48.819424;2.395745;8.481673;2.5654333;77.67068;false
48.8197;2.31796;1.8055669;48.819805;2.3180032;11.874343;3.1587865;74.45537;false
48.8195;2.30093;2.1982265;48.81962;2.3010492;13.146594;8.725964;74.200874;false
48.8571;2.28355;-1.5925443;48.856857;2.2835393;27.141357;0.7847474;67.332504;false
48.8572;2.21633;-2.9384062;48.85713;2.2167683;8.0575905;32.052505;66.91759;false
48.8665;2.35382;-2.814439;48.866444;2.3540177;6.361255;14.454078;98.36276;false
48.8665;2.32813;-0.99526334;48.866413;2.3280642;9.753924;4.8122134;111.37897;false
48.815;2.42354;2.298314;48.81508;2.4236367;8.905757;7.0686655;68.250015;false
48.8802;2.39691;0.2615893;48.8802;2.396824;0.0;6.292513;69.085365;false
48.8415;2.26878;2.9367058;48.841526;2.268995;2.9685857;15.734728;52.243374;false
48.8414;2.36363;2.6870034;48.841404;2.3636744;0.4240837;3.2446396;95.28969;false
48.8414;2.32082;-0.7896993;48.841393;2.3208005;0.8481674;1.4304327;65.16164;false
48.8415;2.31725;3.0779352;48.8415;2.3174977;0.0;18.124594;70.54961;false
49.0243;2.11514;2.1723406;49.024536;2.115399;26.293188;18.875235;89.226105;false
48.8341;2.3137;-0.9200928;48.833946;2.3135204;16.963346;13.137474;103.13779;false
48.8337;2.36194;1.4858947;48.83374;2.3619385;4.664921;0.1046819;69.397766;false
48.7618;2.30238;0.23441863;48.761803;2.302195;0.4240837;13.558278;90.313866;false
48.8449;2.3846;-1.6825612;48.8446;2.3846393;33.07853;2.8781085;102.40436;false
48.975;2.24436;2.19116;48.97526;2.244643;29.261774;20.651094;83.19535;false
48.8289;2.74693;2.3145547;48.829113;2.7472274;23.748686;21.775923;54.20458;false
48.8846;2.37548;0.8657975;48.88465;2.3753872;5.5130877;6.779979;72.941925;false
48.8821;2.26273;1.7460834;48.88218;2.2627597;8.905757;2.1787653;72.43424;false
48.8787;2.46111;1.9980876;48.87893;2.4612522;25.44502;10.38906;80.9231;false
48.9023;2.31767;-2.0548804;48.90225;2.3176997;5.9371715;2.1604617;102.7477;false
48.9307;2.3125;-2.580592;48.93054;2.3128295;17.811514;24.065014;75.62476;false
48.9319;2.42194;-2.7732809;48.931847;2.4221199;5.9371715;13.129219;59.44816;false
48.9304;2.39761;-1.5210073;48.930183;2.3975992;24.17277;0.7835977;64.56115;false
48.8701;2.27367;-2.491628;48.870037;2.2737982;6.7853394;9.379656;92.03502;false
48.87;2.30548;-1.1030481;48.869873;2.3053973;13.994762;6.049715;109.3295;false
48.87;2.29662;0.60047984;48.870007;2.2965496;0.8481674;5.14313;80.91694;false
48.8283;2.384;-0.5948076;48.82824;2.3838472;6.7853394;11.184721;65.45138;false
48.8804;2.28064;2.81046;48.880417;2.2807078;1.6963348;4.9677534;99.60588;false
48.8726;2.30247;-0.47008324;48.872562;2.3023639;4.2408366;7.757877;66.72143;false
48.8727;2.30498;-1.9920676;48.872562;2.3050773;15.267013;7.112827;71.01308;false
48.8142;2.34119;-0.445817;48.8141;2.3409061;11.450259;20.787441;70.80085;false
48.8141;2.30043;-2.0143669;48.813934;2.3005435;18.235598;8.308012;78.47739;false
48.8667;2.36496;2.2249937;48.866783;2.3650563;9.329842;7.043938;66.87718;false
48.8617;2.34731;2.581276;48.86192;2.3478496;24.596853;39.460453;95.420654;false
48.8615;2.30331;-1.7472603;48.861347;2.303358;16.963346;3.5223346;92.900246;false
48.8616;2.32046;-3.104912;48.861595;2.3204467;0.4240837;0.9764868;139.74174;false
48.7595;2.32097;2.7619262;48.759537;2.3211548;4.2408366;13.541426;81.68714;false
48.7887;2.44138;3.0935817;48.7887;2.4414668;0.0;6.356404;77.900986;false
48.856;2.25706;-1.8230054;48.85587;2.2571142;14.418844;3.9587026;39.786514;false
48.831;2.34571;2.3715115;48.83113;2.3459451;14.418844;17.203651;56.5634;false
48.8801;2.3237;0.56327224;48.880215;2.323413;12.72251;20.986706;88.1766;false
48.9053;2.21576;-2.8831756;48.905228;2.216229;8.0575905;34.269146;74.76534;false
48.8921;2.31493;2.1607401;48.892197;2.315054;10.602093;9.061851;72.02443;false
48.8919;2.34158;2.4553845;48.891933;2.3416815;3.8167531;7.4237766;89.31548;false
48.946;2.36;3.0327454;48.946014;2.3601692;1.6963348;12.359566;88.524124;false
48.8708;2.31269;-2.0147483;48.87076;2.3127115;4.2408366;1.5690653;129.0843;false
48.8708;2.32777;0.43179464;48.870815;2.3276768;1.6963348;6.816717;128.67891;false
48.8815;2.30411;-2.731715;48.881443;2.3042681;6.361255;11.55631;68.97796;false
48.8814;2.35647;-1.7971609;48.88117;2.3565457;25.869104;5.5254254;33.05253;false
48.8276;2.61611;2.454261;48.827785;2.6164665;20.7801;26.086416;76.78283;false
48.8271;2.30034;-0.6548958;48.827034;2.3002572;7.209422;6.054901;47.56601;false
48.8273;2.29285;-2.4931343;48.827183;2.2930946;13.146594;17.90289;37.78785;false
48.8212;2.45144;2.341806;48.82138;2.4516964;19.931932;18.760185;71.35486;false
48.8671;2.30801;-2.0614455;48.866947;2.3081105;16.963346;7.3402815;99.94242;false
48.8672;2.33743;-0.51699114;48.867153;2.3372996;5.0890045;9.537117;100.37546;false
48.8621;2.36439;-1.911453;48.862034;2.3644497;7.209422;4.3767104;108.47877;false
48.8353;2.37222;-2.1200836;48.83516;2.3723366;15.691096;8.531302;91.58871;false
48.8349;2.24695;1.1915281;48.835014;2.2468674;12.72251;6.0365114;63.526146;false
48.8353;2.53221;1.0603185;48.83561;2.5319326;34.350777;20.30764;76.32792;false
48.836;2.41286;1.7594664;48.836174;2.4129014;19.507849;3.0356357;56.160812;false
48.7831;1.99201;1.7624886;48.783386;1.9920866;31.806276;5.614868;70.70939;false
48.8442;2.4134;2.5608637;48.844246;2.4135418;5.0890045;10.378778;43.519135;false
48.8445;2.21967;2.1891942;48.844532;2.2197175;3.3926697;3.471201;89.98583;false
48.8549;2.37257;0.79710317;48.85497;2.3724716;7.6335063;7.2025547;94.90626;false
48.8407;2.33235;1.1236205;48.840855;2.33221;17.38743;10.239948;63.036312;false
48.8513;2.26163;0.035304785;48.851307;2.2611587;0.8481674;34.480564;75.65241;false
48.8553;2.32605;-2.1870935;48.85526;2.3260925;4.664921;3.1042237;64.38345;false
48.7549;2.36713;0.4817984;48.75496;2.3669775;6.361255;11.183621;60.407005;false
48.5851;2.45141;2.4205623;48.585217;2.4515953;13.146594;13.623446;67.574646;false
48.9035;2.3066;0.023947716;48.903492;2.306425;0.8481674;12.788235;78.309944;false
48.9042;2.47503;0.57447696;48.904354;2.4746668;16.963346;26.534342;69.03122;false
48.8916;2.40619;-1.6758573;48.891415;2.4062278;20.7801;2.770863;66.97047;false
48.8918;2.17584;-2.4852169;48.891594;2.1762207;22.900518;27.830503;77.5895;false
48.8918;2.23715;0.2479074;48.89181;2.2369916;1.2722511;11.571356;62.350048;false
48.9446;2.25096;1.9134499;48.944824;2.2510805;25.020937;8.791206;84.32878;false
48.8268;2.52027;-2.6876504;48.826748;2.5204222;5.9371715;11.132708;116.85126;false
48.8269;2.36146;-1.7635834;48.826664;2.3615172;26.293188;4.187844;71.35521;false
48.8704;2.33547;2.477499;48.870407;2.3354964;0.8481674;1.9351962;109.514496;false
48.8814;2.31517;-2.2152297;48.88129;2.315307;12.298427;10.00503;41.42346;false
48.8811;2.27073;-1.3818109;48.880898;2.2706804;22.476435;3.6255376;95.4142;false
48.872;2.34896;-0.39394093;48.871952;2.3487933;5.5130877;12.186113;85.3877;false
48.8223;2.31357;-2.8912852;48.82224;2.3138237;6.7853394;18.567814;76.54627;false
48.8221;2.32946;-0.93182874;48.8219;2.3292441;22.476435;15.793176;77.135056;false
48.8093;2.37945;-2.481601;48.809193;2.3796847;11.874343;17.176191;75.27139;false
48.8098;2.44248;-2.2583916;48.809647;2.4426804;16.963346;14.662456;67.369064;false
49.0516;2.06683;1.9472308;49.05191;2.0670142;34.350777;13.427762;96.882965;false
48.9997;2.17698;1.2058833;48.99974;2.176962;4.664921;1.3215717;87.61264;false
48.8375;2.35323;-0.285403;48.837486;2.353175;1.6963348;4.0299473;71.59887;false
48.866;2.33388;2.7986267;48.866035;2.3340807;3.8167531;14.680885;46.006306;false
48.8658;2.42749;0.6939626;48.86584;2.4273946;4.664921;6.974321;74.18833;false
48.8661;2.35225;2.7387056;48.866127;2.3523831;2.9685857;9.729119;58.587196;false
48.7838;2.43579;-3.0580957;48.78377;2.4360404;2.9685857;18.337572;66.81094;false
48.8471;2.21446;2.7633786;48.84718;2.2147796;8.905757;23.390146;67.21938;false
48.8566;2.31821;-1.994025;48.856503;2.3182728;11.0261755;4.603897;77.439;false
48.8484;2.39369;0.9990485;48.84855;2.3935375;16.539265;11.162793;67.54738;false
48.7567;2.34642;0.13335967;48.75671;2.3461978;1.2722511;16.285566;95.49586;false
48.8867;2.23909;-1.4530785;48.88658;2.2390647;13.146594;1.847423;108.96037;false
48.8914;2.25248;2.8580713;48.891426;2.2526648;2.9685857;13.505831;84.03293;false
48.8911;2.3072;1.4895772;48.89132;2.3071668;24.17277;2.422351;90.69783;false
48.9115;2.51527;2.0915785;48.911716;2.5154676;24.17277;14.441076;78.658585;false
48.912;2.31472;0.752439;48.91214;2.314481;15.691096;17.45454;74.24307;false
48.832;2.32962;-3.113392;48.83201;2.3297496;0.8481674;9.49148;88.03956;false
48.8792;2.31699;-2.1897442;48.87909;2.31711;12.298427;8.78529;78.76613;false
48.8793;2.29259;3.0764616;48.8793;2.292724;0.0;9.796276;109.522896;false
48.8723;2.31746;-2.0801866;48.87229;2.3174639;0.8481674;0.2789366;96.620636;false
48.8231;2.4107;-1.1775887;48.823;2.41066;11.0261755;2.9317133;59.471504;false
48.9414;2.30335;1.8630254;48.941547;2.3034086;16.539265;4.282724;86.76465;false
48.8758;2.28211;-2.4459393;48.87572;2.2822416;8.905757;9.622638;82.21723;false
48.8758;2.32405;-1.2007635;48.875668;2.3240027;14.842929;3.4515986;68.74162;false
48.9422;1.91881;2.0774145;48.942505;1.9190804;33.926693;19.741995;52.752747;false
48.8252;2.21075;-2.4890478;48.825104;2.2109373;10.602093;13.698207;46.619972;false
48.8249;2.38703;-2.1870935;48.824886;2.3870323;1.6963348;0.17450045;91.41457;false
48.8256;2.37775;-0.24795485;48.825573;2.3776116;2.9685857;10.120886;97.733765;false
48.8255;2.39389;1.7950419;48.82579;2.3939927;32.230362;7.5208797;88.607735;false
48.8259;2.22645;2.9519932;48.825928;2.226678;2.9685857;16.681911;87.463326;false
49.0075;2.53799;-1.1887891;49.007336;2.5378985;18.235598;6.676369;72.942955;false
48.8363;2.40269;0.927933;48.83635;2.4026213;5.5130877;5.024471;62.71452;false
48.8362;2.27897;2.0308514;48.836266;2.2790394;7.209422;5.0768185;89.16524;false
48.8366;2.38674;-1.6911881;48.8365;2.3867626;11.450259;1.6573672;56.281326;false
48.8657;2.2765;3.1322079;48.865692;2.276815;0.8481674;23.03274;83.87715;false
48.8657;2.30015;-0.028707981;48.865692;2.3000045;0.8481674;10.6358595;71.93674;false
48.8469;2.38413;1.7468945;48.846924;2.3841336;2.5445023;0.26163578;45.113403;false
48.8467;2.31302;0.50119996;48.846733;2.3129306;3.8167531;6.540921;108.78211;false
48.8469;2.25684;-2.5266793;48.84684;2.2569454;6.7853394;7.7095346;47.24839;false
48.856;2.40813;-3.0066822;48.85597;2.4083173;3.3926697;13.707223;81.16375;false
48.8488;2.39697;-3.0574353;48.848793;2.3971272;0.8481674;11.494097;64.01409;false
48.8487;2.35738;2.4742458;48.848755;2.357489;5.9371715;7.988326;92.23785;false
48.8486;2.34575;2.3313742;48.84867;2.345861;8.0575905;8.110434;116.8361;false
48.8489;2.44824;-1.4011452;48.84867;2.4481742;25.44502;4.813906;87.887436;false
48.8489;2.29854;0.32693076;48.84892;2.298437;2.1204183;7.534809;41.603203;false
48.8343;2.25782;2.272206;48.834503;2.2580914;22.476435;19.871874;70.790344;false
48.6723;2.1957;2.7149146;48.67233;2.1958206;3.3926697;8.856579;65.02005;false
48.8758;2.32644;-1.3432186;48.875637;2.326379;18.235598;4.4626727;44.703564;false
48.8876;2.26126;2.6149786;48.887615;2.2613103;1.6963348;3.6773512;82.10824;false
48.8874;2.25031;-1.7873409;48.887318;2.2503223;9.329842;0.90627027;75.93508;false
48.9081;2.34381;-0.71076965;48.90797;2.3435857;14.418844;16.393215;78.76101;false
48.8801;2.35303;2.3355126;48.88013;2.3530908;3.3926697;4.444859;106.220276;false
48.9062;2.37483;-1.8688595;48.906033;2.3749151;18.659683;6.2195544;79.88336;false
48.907;2.4509;1.2515272;48.90703;2.4508708;2.9685857;2.1428373;75.40376;false
48.8906;2.23928;1.5626638;48.890747;2.2392836;16.539265;0.2614074;107.267624;false
48.9099;2.33375;0.8338566;48.909992;2.3336258;10.178009;9.076045;69.708435;false
48.8709;2.35851;2.8901248;48.870895;2.3585343;0.4240837;1.7782706;79.87595;false
48.8709;2.33217;-2.6084058;48.8708;2.3323786;11.0261755;15.254773;50.893112;false
48.8313;2.23519;-0.672606;48.831226;2.2350705;8.0575905;8.741357;83.70886;false
48.8315;2.38674;-1.1093609;48.83146;2.3867123;4.664921;2.0239387;84.87392;false
48.8788;2.475;0.7028556;48.87893;2.4747512;14.418844;18.180815;72.53303;false
48.918;2.35832;2.5634809;48.918095;2.358568;10.602093;18.114311;96.82578;false
48.9172;2.30584;0.4130423;48.917263;2.3056333;7.209422;15.101307;85.18653;false
48.9177;2.22803;2.4952955;48.917793;2.2282283;10.178009;14.491535;100.491295;false
48.8245;2.50094;-2.6437328;48.824493;2.5009742;0.8481674;2.4953763;76.845474;false
48.8765;2.29221;2.66645;48.87654;2.2923362;4.664921;9.221566;91.42647;false
48.8763;2.32712;0.9132681;48.876347;2.327087;5.0890045;2.423068;121.79365;false
48.8761;2.35782;0.09423733;48.876102;2.3577085;0.4240837;8.158275;52.655056;false
48.8687;2.41472;0.69641376;48.868763;2.4146035;7.209422;8.525614;63.47469;false
48.8737;2.32844;1.4640856;48.873737;2.3284352;4.2408366;0.34866098;37.113865;false
48.8123;2.32943;0.40311575;48.812336;2.3293116;3.8167531;8.674853;64.56662;false
49.0435;2.20288;-0.38813162;49.043293;2.2021737;22.900518;51.46121;70.608925;false
48.8625;2.34965;0.7805202;48.862537;2.3495855;4.2408366;4.707977;113.50973;false
49.0411;2.54249;-0.5251887;49.040844;2.5418253;28.413605;48.440502;63.698395;false
48.8385;2.25171;-0.82479167;48.838413;2.2515695;9.753924;10.275289;54.96886;false
48.8384;2.25767;2.265769;48.83845;2.2577374;5.5130877;4.937033;83.38441;false
48.8382;2.33144;-0.48176217;48.838165;2.3313336;3.8167531;7.780655;84.94939;false
48.8383;2.37234;0.27011037;48.83833;2.3721006;3.3926697;17.515163;79.04597;false
48.8653;2.3677;-0.2632749;48.865253;2.3675506;5.0890045;10.932358;33.8287;false
48.8651;2.40275;1.0585308;48.865147;2.4027054;5.0890045;3.2605402;66.42684;false
48.8393;2.27121;-2.5479486;48.839176;2.2714727;13.570679;19.224428;81.017815;false
48.8391;2.56113;-1.5405505;48.83855;2.561105;61.06805;1.8317357;68.5076;false
48.8539;2.34379;-2.8673885;48.853863;2.34399;4.2408366;14.632115;69.879745;false
48.8537;2.28899;1.2076494;48.85389;2.2888815;21.204185;7.935207;75.507935;false
48.8492;2.4252;-1.6421039;48.849163;2.425204;4.2408366;0.29650688;91.953835;false
48.849;2.3026;2.4841466;48.84901;2.3026502;1.2722511;3.6801891;86.50189;false
48.8496;2.32695;-2.2176526;48.849575;2.3270028;2.9685857;3.8545594;96.071045;false
48.8494;2.41267;-1.3382394;48.84929;2.4126318;12.298427;2.7906423;70.825226;false
48.8983;2.38405;-1.3816092;48.897945;2.3839483;39.43978;7.422826;95.35301;false
48.8463;2.48398;2.3554704;48.84638;2.4841383;8.905757;11.581883;79.736305;false
48.8589;2.41507;-2.2765062;48.85874;2.4152608;17.38743;13.950564;67.92069;false
48.8591;2.44249;0.631742;48.859215;2.4422252;12.72251;19.37377;91.82604;false
48.6634;2.36035;1.9592739;48.663494;2.360405;10.602093;4.043936;60.405937;false
48.8905;2.2888;-1.7188227;48.890457;2.2887971;4.664921;0.20912635;91.42063;false
48.8902;2.15401;0.32798958;48.89025;2.153722;5.5130877;21.05218;63.31226;false
48.8718;2.33088;-2.6327398;48.871704;2.3311315;10.602093;18.392565;54.44586;false
48.831;2.35653;2.0245574;48.831146;2.35663;16.115181;7.3281283;50.848644;false
48.8801;2.29826;-2.9255536;48.880077;2.298437;2.5445023;12.951098;65.74808;false
48.8304;2.49304;0.7053776;48.830517;2.4928005;13.146594;17.535374;54.621864;false
48.8752;2.22699;-2.546428;48.875103;2.2272003;10.602093;15.375487;59.601456;false
48.8753;2.29408;-1.402816;48.875282;2.294089;2.1204183;0.6624347;50.029453;false
48.9873;2.20651;1.6050849;48.98768;2.2065387;41.984283;2.0872114;69.4485;false
48.838;2.33883;1.6693698;48.83808;2.33885;8.905757;1.4654208;69.70877;false
48.8651;2.36075;2.4562187;48.86516;2.3608599;6.7853394;8.038017;97.94545;false
48.865;2.27068;2.380059;48.865147;2.2709332;16.115181;18.517117;68.891304;false
48.8649;2.38112;0.8388822;48.865047;2.3808978;16.539265;16.25046;70.853775;false
48.8648;2.28802;-2.359722;48.86468;2.2882075;13.146594;13.72225;81.82176;false
48.8388;2.61528;1.9775853;48.838932;2.615371;14.842929;6.6640687;83.53088;false
48.7804;2.18741;0.99235034;48.78056;2.1872423;17.811514;12.295737;51.470394;false
48.8388;2.26257;3.10116;48.8388;2.2628102;0.0;17.584768;43.58333;false
48.7816;2.02914;1.4939103;48.78182;2.0291293;24.17277;0.7859304;78.59605;false
48.7817;2.31375;0.93353605;48.78183;2.3136046;14.418844;10.653702;97.018555;false
48.8532;2.34661;0.33927727;48.853245;2.3463328;5.0890045;20.282944;44.4599;false
48.8535;2.36824;0.8210516;48.85366;2.3680222;17.811514;15.94024;44.49259;false
48.8597;2.34693;-0.25991774;48.859653;2.346636;5.0890045;21.500961;87.41713;false
48.8596;2.34529;-0.4195218;48.859547;2.3450856;5.9371715;14.944333;123.57598;false
48.8596;2.28567;-2.2044265;48.859463;2.2858143;15.267013;10.549966;66.517975;false
48.8795;2.34305;-1.7584851;48.879337;2.343097;18.235598;3.4339123;76.30303;false
48.8796;2.3301;-2.495993;48.879543;2.3302214;6.361255;8.8723755;90.39161;false
48.8796;2.36988;2.5843263;48.87964;2.3699603;4.2408366;5.8742447;77.39312;false
48.8298;2.26197;3.0480733;48.829807;2.26217;0.8481674;14.63916;77.43457;false
48.9213;2.36461;1.1461629;48.921566;2.364416;29.685858;14.176996;56.546974;false
48.8756;2.2944;-2.0609477;48.875553;2.294426;5.0890045;1.9001302;88.90253;false
48.8755;2.34155;-0.05083561;48.8755;2.341479;0.0;5.194862;90.11616;false
48.8555;2.33187;2.530365;48.85553;2.3319404;3.3926697;5.14462;144.5173;false
48.985;2.62858;-2.7255394;48.98481;2.629258;21.204185;49.451805;69.63618;false
48.8645;2.30054;-1.0348809;48.864243;2.3003247;28.413605;15.744938;55.038696;false
48.7798;2.4189;-1.0744207;48.779755;2.418884;5.0890045;1.1702049;60.090767;false
48.7786;2.36149;0.058856487;48.77858;2.3614159;2.1204183;5.4319773;73.64614;false
48.7799;2.47751;2.2977538;48.78023;2.4779532;36.895283;32.468758;80.3558;false
48.8547;2.29227;2.157032;48.85482;2.2924037;13.570679;9.783654;92.36046;false
48.8547;2.35612;-0.19653511;48.854683;2.3560064;1.6963348;8.318722;63.615402;false
48.8507;2.3235;1.332835;48.850773;2.3234637;8.0575905;2.6510413;75.7611;false
48.8511;2.33743;0.24104738;48.851105;2.337367;0.4240837;4.6044035;96.786354;false
48.7919;2.04393;1.5697404;48.791965;2.043926;7.209422;0.2968461;77.33034;false
48.8582;2.37286;-1.0325091;48.85814;2.3728085;6.7853394;3.7667048;74.09608;false
49.0729;2.34334;1.9855596;49.072975;2.3434172;8.481673;5.625784;74.62227;false
48.7767;2.61135;2.411768;48.776897;2.611714;22.052351;26.654375;65.91193;false
48.6785;2.34631;1.8954407;48.678574;2.3463497;8.0575905;2.9226613;97.84234;false
49.0631;2.11333;-2.8640563;49.062977;2.1138988;13.570679;41.437553;94.53717;false
48.8976;2.33847;-1.140691;48.89738;2.338328;24.17277;10.385133;75.23643;false
48.8975;2.3521;2.2531385;48.897564;2.3522146;7.209422;8.381307;98.979034;false
48.8974;2.26429;-1.5701859;48.89721;2.2642932;21.204185;0.22652225;70.46352;false
48.9517;2.27988;-0.87420774;48.95148;2.2795956;24.17277;20.765182;44.71112;false
48.877;2.3667;-1.3121026;48.87688;2.3666573;13.146594;3.1203098;104.52327;false
48.9239;2.20801;-0.2745602;48.92382;2.20755;8.905757;33.594593;78.13061;false
48.9978;2.51692;0.41684747;48.997845;2.5167315;5.0890045;13.755302;65.7904;false
48.8643;2.33285;1.2011486;48.86431;2.3328338;1.2722511;1.18567;96.65001;false
48.8643;2.3431;-2.70066;48.864273;2.3431814;2.9685857;5.945787;103.82025;false
48.8644;2.37335;1.1938809;48.86446;2.3732972;6.7853394;3.8534198;102.00762;false
48.7779;2.34521;-0.99049306;48.777817;2.3451362;9.329842;5.4145856;70.65602;false
48.8542;2.34624;-1.9271281;48.854095;2.3462822;11.450259;3.086852;107.08423;false
48.8542;2.49472;3.049942;48.854218;2.4950757;2.1204183;26.020243;93.37773;false
48.8925;2.35899;2.49804;48.892616;2.359242;12.72251;18.419806;89.52647;false
48.7477;2.30348;0.24714828;48.747707;2.303392;0.8481674;6.448981;97.01904;false
48.8587;2.38975;-1.9139307;48.858547;2.38983;16.963346;5.8592606;60.62045;false
48.8584;2.27596;2.1198044;48.858494;2.2760565;10.602093;7.062544;70.55737;false
48.6948;2.37154;-2.3420928;48.694664;2.37173;15.267013;13.943756;81.504326;false
48.8482;2.27159;-1.2905791;48.848045;2.2715232;17.38743;4.883741;64.63175;false
48.6332;2.41388;-0.9749305;48.63303;2.413727;19.083767;11.245721;77.87248;false
48.8356;2.54808;-2.0891073;48.835392;2.5482464;23.324602;12.177532;70.82747;false
48.8608;2.26724;3.0147297;48.860813;2.2674615;1.2722511;16.199478;68.763756;false
48.8984;2.27972;-1.0293124;48.89818;2.2795281;24.596853;14.026676;63.96526;false
48.8983;2.2424;-2.4657037;48.898205;2.2425702;10.602093;12.441074;69.040596;false
48.848;2.3948;-1.4316523;48.847893;2.3947847;11.874343;1.1162881;70.808426;false
48.8853;2.3694;-2.108693;48.88516;2.3695054;15.691096;7.703621;76.112305;false
48.8852;2.35654;1.2122499;48.885418;2.3564107;24.17277;9.446541;98.220474;false
48.8966;2.36056;-0.36856842;48.896553;2.360388;5.0890045;12.563475;81.912254;false
48.8966;2.29448;1.6808789;48.896786;2.2945273;20.7801;3.4501636;75.50219;false
48.8966;2.2466;1.8031361;48.89665;2.2466147;5.5130877;1.0803541;84.20266;false
48.8324;2.28215;-1.3637774;48.832294;2.2821069;11.874343;3.1579862;94.219795;false
48.8972;2.31311;-2.608032;48.89707;2.3134866;14.418844;27.513853;103.054344;false
48.8775;2.31381;-1.4623349;48.87732;2.3137732;19.931932;2.7019172;79.32155;false
48.8774;2.32124;0.6587331;48.877453;2.321138;5.9371715;7.4607925;105.729034;false
48.9251;2.32311;2.276906;48.92514;2.3231769;4.664921;4.8762364;57.18335;false
48.9256;2.24372;1.6467221;48.925743;2.2437496;16.115181;2.1594546;71.89375;false
48.9264;2.35226;-0.3879392;48.92636;2.3521302;4.2408366;9.490998;74.77224;false
48.8636;2.41264;2.6001613;48.863712;2.412918;12.298427;20.331038;104.04573;false
48.8641;2.29372;-1.3714168;48.86394;2.2936678;17.811514;3.8185701;61.274483;false
48.8745;2.37472;-1.8280165;48.874355;2.3747804;16.115181;4.4104905;70.97374;false
48.9555;2.47045;-2.4464576;48.955345;2.4707232;17.38743;19.945585;81.44798;false
48.7765;2.22842;0.24058843;48.776573;2.2280092;8.0575905;30.095459;69.160416;false
48.8433;2.32452;1.4238713;48.843357;2.3244915;6.361255;2.0932367;61.293076;false
48.8432;2.37328;2.85578;48.84326;2.3735838;6.7853394;22.22324;72.668724;false
48.8431;2.41702;1.2304928;48.843178;2.4169629;8.481673;4.18649;57.775204;false
48.8051;2.32425;0.5548413;48.805214;2.3239353;12.72251;23.043161;85.389015;false
48.8046;2.03726;0.6532345;48.8047;2.0370333;11.0261755;16.601717;79.76816;false
48.8675;2.31326;-2.9692423;48.867455;2.313571;5.0890045;22.735512;46.670174;false
48.8424;2.16686;-0.72084117;48.842335;2.1667492;7.209422;8.111438;57.266766;false
48.8426;2.37237;-2.383117;48.842514;2.3725052;9.753924;9.890681;99.142876;false
48.8516;2.40805;0.771338;48.851692;2.407896;10.178009;11.266723;72.83379;false
48.8609;2.31463;-1.6565526;48.860638;2.3146832;29.261774;3.8885646;42.93689;false
48.7497;2.38585;1.4424549;48.749893;2.385819;21.628267;2.2719085;61.167866;false
48.8522;2.32933;-0.7272701;48.852116;2.3292105;9.329842;8.737711;81.80597;false
48.8516;2.37567;-1.4265144;48.85153;2.37564;8.0575905;2.1975343;61.74159;false
48.7491;2.35438;0.20650268;48.749157;2.3538997;6.361255;35.197525;87.71498;false
48.8516;2.29116;-2.5741603;48.851513;2.291342;9.753924;13.307292;84.836975;false
48.7499;2.32819;0.22609591;48.749947;2.3278115;5.0890045;27.752121;87.42439;false
48.7529;2.44177;1.1159601;48.75298;2.4417028;8.905757;4.9279795;79.4115;false
